position	filename	page_id	tsumego_id	url
1	001.sgf	9694	25136	https://tsumego.com/9694
2	002.sgf	13375	25137	https://tsumego.com/13375
3	003.sgf	13396	25138	https://tsumego.com/13396
4	004.sgf	13410	25139	https://tsumego.com/13410
5	005.sgf	9698	25140	https://tsumego.com/9698
6	006.sgf	9699	25141	https://tsumego.com/9699
7	007.sgf	9700	25142	https://tsumego.com/9700
8	008.sgf	13398	25143	https://tsumego.com/13398
9	009.sgf	9702	25144	https://tsumego.com/9702
10	010.sgf	9703	25145	https://tsumego.com/9703
11	011.sgf	9704	25146	https://tsumego.com/9704
12	012.sgf	13400	25147	https://tsumego.com/13400
13	013.sgf	13402	25148	https://tsumego.com/13402
14	014.sgf	15721	25149	https://tsumego.com/15721
15	015.sgf	13404	25150	https://tsumego.com/13404
16	016.sgf	13406	25151	https://tsumego.com/13406
17	017.sgf	13408	25152	https://tsumego.com/13408
18	018.sgf	9711	25153	https://tsumego.com/9711
19	019.sgf	9712	25188	https://tsumego.com/9712
20	020.sgf	9713	25189	https://tsumego.com/9713
21	021.sgf	13384	17250	https://tsumego.com/13384
22	022.sgf	9715	25191	https://tsumego.com/9715
23	023.sgf	9716	25192	https://tsumego.com/9716
24	024.sgf	13462	25193	https://tsumego.com/13462
25	025.sgf	9718	25194	https://tsumego.com/9718
26	026.sgf	9719	25195	https://tsumego.com/9719
27	027.sgf	15805	25196	https://tsumego.com/15805
28	028.sgf	9721	25197	https://tsumego.com/9721
29	029.sgf	9722	25198	https://tsumego.com/9722
30	030.sgf	13412	25199	https://tsumego.com/13412
31	031.sgf	9724	25200	https://tsumego.com/9724
32	032.sgf	15162	25201	https://tsumego.com/15162
33	033.sgf	15809	25202	https://tsumego.com/15809
34	034.sgf	13366	16269	https://tsumego.com/13366
35	035.sgf	9728	25204	https://tsumego.com/9728
36	036.sgf	9729	25205	https://tsumego.com/9729
37	037.sgf	13414	25255	https://tsumego.com/13414
38	038.sgf	9731	25256	https://tsumego.com/9731
39	039.sgf	9732	25257	https://tsumego.com/9732
40	040.sgf	9733	25258	https://tsumego.com/9733
41	041.sgf	15609	25259	https://tsumego.com/15609
42	042.sgf	9735	25260	https://tsumego.com/9735
43	043.sgf	13416	25261	https://tsumego.com/13416
44	044.sgf	2	3540	https://tsumego.com/2
45	045.sgf	13418	25263	https://tsumego.com/13418
46	046.sgf	9738	25264	https://tsumego.com/9738
47	047.sgf	13420	25265	https://tsumego.com/13420
48	048.sgf	15242	25266	https://tsumego.com/15242
49	049.sgf	9741	25267	https://tsumego.com/9741
50	050.sgf	13467	25268	https://tsumego.com/13467
51	051.sgf	15232	25269	https://tsumego.com/15232
52	052.sgf	15230	18360	https://tsumego.com/15230
53	053.sgf	15676	25271	https://tsumego.com/15676
54	054.sgf	9746	25272	https://tsumego.com/9746
55	055.sgf	15238	25294	https://tsumego.com/15238
56	056.sgf	9748	25295	https://tsumego.com/9748
57	057.sgf	15240	25296	https://tsumego.com/15240
58	058.sgf	9750	25297	https://tsumego.com/9750
59	059.sgf	9751	25298	https://tsumego.com/9751
60	060.sgf	9752	25299	https://tsumego.com/9752
61	061.sgf	9753	25300	https://tsumego.com/9753
62	062.sgf	9754	25301	https://tsumego.com/9754
63	063.sgf	9755	25302	https://tsumego.com/9755
64	064.sgf	9756	25303	https://tsumego.com/9756
65	065.sgf	9757	25304	https://tsumego.com/9757
66	066.sgf	15700	25305	https://tsumego.com/15700
67	067.sgf	9759	25306	https://tsumego.com/9759
68	068.sgf	13464	27474	https://tsumego.com/13464
69	069.sgf	9761	25308	https://tsumego.com/9761
70	070.sgf	9762	25309	https://tsumego.com/9762
71	071.sgf	9763	25310	https://tsumego.com/9763
72	072.sgf	13146	3544	https://tsumego.com/13146
73	073.sgf	15289	25338	https://tsumego.com/15289
74	074.sgf	15702	25339	https://tsumego.com/15702
75	075.sgf	13144	3542	https://tsumego.com/13144
76	076.sgf	15704	25341	https://tsumego.com/15704
77	077.sgf	15706	25342	https://tsumego.com/15706
78	078.sgf	9770	25343	https://tsumego.com/9770
79	079.sgf	9771	25344	https://tsumego.com/9771
80	080.sgf	9772	25345	https://tsumego.com/9772
81	081.sgf	13390	17254	https://tsumego.com/13390
82	082.sgf	9774	25347	https://tsumego.com/9774
83	083.sgf	13422	25348	https://tsumego.com/13422
84	084.sgf	13424	29613	https://tsumego.com/13424
85	085.sgf	15299	25350	https://tsumego.com/15299
86	086.sgf	9778	25351	https://tsumego.com/9778
87	087.sgf	9779	25352	https://tsumego.com/9779
88	088.sgf	13347	25353	https://tsumego.com/13347
89	089.sgf	9781	25354	https://tsumego.com/9781
90	090.sgf	15373	25355	https://tsumego.com/15373
91	091.sgf	15370	25388	https://tsumego.com/15370
92	092.sgf	15711	25389	https://tsumego.com/15711
93	093.sgf	9785	22410	https://tsumego.com/9785
94	094.sgf	13426	25391	https://tsumego.com/13426
95	095.sgf	9787	25392	https://tsumego.com/9787
96	096.sgf	9788	25393	https://tsumego.com/9788
97	097.sgf	13428	25394	https://tsumego.com/13428
98	098.sgf	13430	25395	https://tsumego.com/13430
99	099.sgf	13432	25396	https://tsumego.com/13432
100	100.sgf	9792	25397	https://tsumego.com/9792
101	101.sgf	13458	25398	https://tsumego.com/13458
102	102.sgf	9794	25399	https://tsumego.com/9794
103	103.sgf	13434	25400	https://tsumego.com/13434
104	104.sgf	9796	25401	https://tsumego.com/9796
105	105.sgf	9797	25402	https://tsumego.com/9797
106	106.sgf	9798	25403	https://tsumego.com/9798
107	107.sgf	13460	25404	https://tsumego.com/13460
108	108.sgf	13436	25405	https://tsumego.com/13436
109	109.sgf	13438	25414	https://tsumego.com/13438
110	110.sgf	13440	25415	https://tsumego.com/13440
111	111.sgf	9803	25416	https://tsumego.com/9803
112	112.sgf	9804	25417	https://tsumego.com/9804
113	113.sgf	13474	22358	https://tsumego.com/13474
114	114.sgf	9806	25419	https://tsumego.com/9806
115	115.sgf	15773	25420	https://tsumego.com/15773
116	116.sgf	13442	25421	https://tsumego.com/13442
118	118.sgf	9810	25423	https://tsumego.com/9810
119	119.sgf	9811	25424	https://tsumego.com/9811
120	120.sgf	9812	25425	https://tsumego.com/9812
121	121.sgf	9813	25426	https://tsumego.com/9813
122	122.sgf	9814	25427	https://tsumego.com/9814
123	123.sgf	13444	25428	https://tsumego.com/13444
124	124.sgf	15774	25429	https://tsumego.com/15774
125	125.sgf	9817	18520	https://tsumego.com/9817
126	126.sgf	9818	25431	https://tsumego.com/9818
127	127.sgf	9819	25448	https://tsumego.com/9819
128	128.sgf	9820	25449	https://tsumego.com/9820
129	129.sgf	9821	25450	https://tsumego.com/9821
130	130.sgf	13369	27416	https://tsumego.com/13369
131	131.sgf	32	25452	https://tsumego.com/32
132	132.sgf	9823	25453	https://tsumego.com/9823
133	133.sgf	9824	25454	https://tsumego.com/9824
134	134.sgf	9825	25455	https://tsumego.com/9825
135	135.sgf	13372	25456	https://tsumego.com/13372
136	136.sgf	9827	25457	https://tsumego.com/9827
137	137.sgf	15777	25458	https://tsumego.com/15777
138	138.sgf	15779	20661	https://tsumego.com/15779
139	139.sgf	9830	25460	https://tsumego.com/9830
140	140.sgf	15781	25461	https://tsumego.com/15781
141	141.sgf	13386	26410	https://tsumego.com/13386
142	142.sgf	9833	25463	https://tsumego.com/9833
143	143.sgf	15707	29621	https://tsumego.com/15707
144	144.sgf	13378	19600	https://tsumego.com/13378
145	145.sgf	9836	25470	https://tsumego.com/9836
146	146.sgf	9837	25471	https://tsumego.com/9837
147	147.sgf	15417	25472	https://tsumego.com/15417
148	148.sgf	9839	25473	https://tsumego.com/9839
149	149.sgf	13446	25474	https://tsumego.com/13446
150	150.sgf	15418	25475	https://tsumego.com/15418
151	151.sgf	9842	25476	https://tsumego.com/9842
152	152.sgf	9843	25477	https://tsumego.com/9843
153	153.sgf	9844	25478	https://tsumego.com/9844
154	154.sgf	9845	25479	https://tsumego.com/9845
155	155.sgf	9846	25480	https://tsumego.com/9846
156	156.sgf	13361	25481	https://tsumego.com/13361
157	157.sgf	13448	25482	https://tsumego.com/13448
158	158.sgf	9849	25483	https://tsumego.com/9849
159	159.sgf	9850	25484	https://tsumego.com/9850
160	160.sgf	9851	25485	https://tsumego.com/9851
161	161.sgf	9852	25486	https://tsumego.com/9852
162	162.sgf	13450	25487	https://tsumego.com/13450
163	163.sgf	9854	25488	https://tsumego.com/9854
164	164.sgf	9855	25489	https://tsumego.com/9855
165	165.sgf	15527	19478	https://tsumego.com/15527
166	166.sgf	13452	25491	https://tsumego.com/13452
167	167.sgf	13455	25492	https://tsumego.com/13455
168	168.sgf	9859	25493	https://tsumego.com/9859
169	169.sgf	9860	25494	https://tsumego.com/9860
170	170.sgf	9861	25495	https://tsumego.com/9861
171	171.sgf	9862	25496	https://tsumego.com/9862
172	172.sgf	9863	25497	https://tsumego.com/9863
173	173.sgf	15421	25498	https://tsumego.com/15421
174	174.sgf	9865	25499	https://tsumego.com/9865
175	175.sgf	9866	25500	https://tsumego.com/9866
176	176.sgf	9867	25501	https://tsumego.com/9867
177	177.sgf	15441	25502	https://tsumego.com/15441
178	178.sgf	13391	25503	https://tsumego.com/13391
179	179.sgf	13350	25504	https://tsumego.com/13350
180	180.sgf	13393	25505	https://tsumego.com/13393
181	181.sgf	13356	25515	https://tsumego.com/13356
182	182.sgf	13358	25516	https://tsumego.com/13358
183	183.sgf	9876	25517	https://tsumego.com/9876
184	184.sgf	15443	25518	https://tsumego.com/15443
185	185.sgf	9878	25519	https://tsumego.com/9878
186	186.sgf	13380	25520	https://tsumego.com/13380
187	187.sgf	13470	25521	https://tsumego.com/13470
188	188.sgf	9881	25522	https://tsumego.com/9881
189	189.sgf	9882	25523	https://tsumego.com/9882
190	190.sgf	9883	25524	https://tsumego.com/9883
191	191.sgf	9884	25525	https://tsumego.com/9884
192	192.sgf	13363	25526	https://tsumego.com/13363
193	193.sgf	9886	25527	https://tsumego.com/9886
194	194.sgf	9887	25528	https://tsumego.com/9887
195	195.sgf	9888	25529	https://tsumego.com/9888
196	196.sgf	9889	25530	https://tsumego.com/9889
197	197.sgf	10	25531	https://tsumego.com/10
198	198.sgf	13456	25532	https://tsumego.com/13456
199	199.sgf	15456	25542	https://tsumego.com/15456
200	200.sgf	13353	25543	https://tsumego.com/13353
201	201.sgf	13610	17257	https://tsumego.com/13610
202	202.sgf	13624	26511	https://tsumego.com/13624
203	203.sgf	9895	25546	https://tsumego.com/9895
204	204.sgf	9896	25547	https://tsumego.com/9896
205	205.sgf	9897	25548	https://tsumego.com/9897
206	206.sgf	9898	25549	https://tsumego.com/9898
207	207.sgf	13683	25550	https://tsumego.com/13683
208	208.sgf	9900	25551	https://tsumego.com/9900
209	209.sgf	15783	18683	https://tsumego.com/15783
210	210.sgf	9902	25553	https://tsumego.com/9902
211	211.sgf	9903	25554	https://tsumego.com/9903
212	212.sgf	9904	25555	https://tsumego.com/9904
213	213.sgf	9905	25556	https://tsumego.com/9905
214	214.sgf	9906	25557	https://tsumego.com/9906
215	215.sgf	9907	25558	https://tsumego.com/9907
216	216.sgf	9917	25577	https://tsumego.com/9917
217	217.sgf	9918	25578	https://tsumego.com/9918
218	218.sgf	9919	25579	https://tsumego.com/9919
219	219.sgf	9920	25580	https://tsumego.com/9920
220	220.sgf	9921	25581	https://tsumego.com/9921
221	221.sgf	9922	25582	https://tsumego.com/9922
222	222.sgf	9923	25583	https://tsumego.com/9923
223	223.sgf	15469	25584	https://tsumego.com/15469
224	224.sgf	9925	25585	https://tsumego.com/9925
225	225.sgf	9926	25586	https://tsumego.com/9926
226	226.sgf	15808	25587	https://tsumego.com/15808
227	227.sgf	9928	25588	https://tsumego.com/9928
228	228.sgf	15731	19320	https://tsumego.com/15731
229	229.sgf	9930	25590	https://tsumego.com/9930
230	230.sgf	9931	25591	https://tsumego.com/9931
231	231.sgf	15695	25607	https://tsumego.com/15695
232	232.sgf	9937	25608	https://tsumego.com/9937
233	233.sgf	9938	25609	https://tsumego.com/9938
234	234.sgf	9939	25610	https://tsumego.com/9939
235	235.sgf	9940	25611	https://tsumego.com/9940
236	236.sgf	15498	25612	https://tsumego.com/15498
237	237.sgf	9942	25613	https://tsumego.com/9942
238	238.sgf	9943	25614	https://tsumego.com/9943
239	239.sgf	9944	25615	https://tsumego.com/9944
240	240.sgf	9945	25616	https://tsumego.com/9945
241	241.sgf	9946	25617	https://tsumego.com/9946
242	242.sgf	9947	25618	https://tsumego.com/9947
243	243.sgf	9948	25619	https://tsumego.com/9948
244	244.sgf	13599	25620	https://tsumego.com/13599
245	245.sgf	9950	25621	https://tsumego.com/9950
246	246.sgf	9954	25658	https://tsumego.com/9954
247	247.sgf	9955	25659	https://tsumego.com/9955
248	248.sgf	15554	25660	https://tsumego.com/15554
249	249.sgf	9957	25661	https://tsumego.com/9957
250	250.sgf	9958	25662	https://tsumego.com/9958
251	251.sgf	9959	25663	https://tsumego.com/9959
252	252.sgf	9960	25664	https://tsumego.com/9960
253	253.sgf	9961	25665	https://tsumego.com/9961
254	254.sgf	9962	25666	https://tsumego.com/9962
255	255.sgf	9963	25667	https://tsumego.com/9963
256	256.sgf	9964	25668	https://tsumego.com/9964
257	257.sgf	9965	25669	https://tsumego.com/9965
258	258.sgf	9966	25670	https://tsumego.com/9966
259	259.sgf	9967	25671	https://tsumego.com/9967
260	260.sgf	15522	25672	https://tsumego.com/15522
261	261.sgf	13639	25678	https://tsumego.com/13639
262	262.sgf	9970	25679	https://tsumego.com/9970
263	263.sgf	9971	25680	https://tsumego.com/9971
264	264.sgf	13690	22069	https://tsumego.com/13690
265	265.sgf	9973	25682	https://tsumego.com/9973
266	266.sgf	9974	25683	https://tsumego.com/9974
267	267.sgf	13641	25684	https://tsumego.com/13641
268	268.sgf	13644	25685	https://tsumego.com/13644
269	269.sgf	15524	25686	https://tsumego.com/15524
270	270.sgf	9978	25687	https://tsumego.com/9978
271	271.sgf	9979	25688	https://tsumego.com/9979
272	272.sgf	13602	25689	https://tsumego.com/13602
273	273.sgf	9981	25690	https://tsumego.com/9981
274	274.sgf	13592	15813	https://tsumego.com/13592
275	275.sgf	9983	25692	https://tsumego.com/9983
276	276.sgf	15556	25697	https://tsumego.com/15556
277	277.sgf	15826	25698	https://tsumego.com/15826
278	278.sgf	13647	25699	https://tsumego.com/13647
279	279.sgf	9988	25700	https://tsumego.com/9988
280	280.sgf	9989	25701	https://tsumego.com/9989
281	281.sgf	9990	25702	https://tsumego.com/9990
282	282.sgf	13606	22834	https://tsumego.com/13606
283	283.sgf	15790	29612	https://tsumego.com/15790
284	284.sgf	9993	25705	https://tsumego.com/9993
285	285.sgf	9994	25706	https://tsumego.com/9994
286	286.sgf	9995	25707	https://tsumego.com/9995
287	287.sgf	9996	25708	https://tsumego.com/9996
288	288.sgf	9997	25709	https://tsumego.com/9997
289	289.sgf	15525	19683	https://tsumego.com/15525
290	290.sgf	9999	25711	https://tsumego.com/9999
291	291.sgf	10000	25719	https://tsumego.com/10000
292	292.sgf	13636	25720	https://tsumego.com/13636
293	293.sgf	10002	25721	https://tsumego.com/10002
294	294.sgf	10003	25722	https://tsumego.com/10003
295	295.sgf	13691	25723	https://tsumego.com/13691
296	296.sgf	10005	25724	https://tsumego.com/10005
297	297.sgf	15544	25725	https://tsumego.com/15544
298	298.sgf	10007	25726	https://tsumego.com/10007
299	299.sgf	15797	25727	https://tsumego.com/15797
300	300.sgf	10009	25728	https://tsumego.com/10009
301	301.sgf	10010	25729	https://tsumego.com/10010
302	302.sgf	13650	25730	https://tsumego.com/13650
303	303.sgf	10012	25731	https://tsumego.com/10012
304	304.sgf	13614	25732	https://tsumego.com/13614
305	305.sgf	13652	25733	https://tsumego.com/13652
306	306.sgf	10015	25734	https://tsumego.com/10015
307	307.sgf	13654	25735	https://tsumego.com/13654
308	308.sgf	10017	25736	https://tsumego.com/10017
309	309.sgf	10018	25737	https://tsumego.com/10018
310	310.sgf	15547	25738	https://tsumego.com/15547
311	311.sgf	10020	25739	https://tsumego.com/10020
312	312.sgf	13657	25740	https://tsumego.com/13657
313	313.sgf	15729	25741	https://tsumego.com/15729
314	314.sgf	15724	25742	https://tsumego.com/15724
315	315.sgf	15712	25743	https://tsumego.com/15712
316	316.sgf	15726	25744	https://tsumego.com/15726
317	317.sgf	10026	25745	https://tsumego.com/10026
318	318.sgf	10027	25746	https://tsumego.com/10027
319	319.sgf	10028	25747	https://tsumego.com/10028
320	320.sgf	10029	25748	https://tsumego.com/10029
321	321.sgf	13617	25762	https://tsumego.com/13617
322	322.sgf	13620	25763	https://tsumego.com/13620
323	323.sgf	10032	18686	https://tsumego.com/10032
324	324.sgf	10033	25422	https://tsumego.com/10033
325	325.sgf	10034	25766	https://tsumego.com/10034
326	326.sgf	10035	25767	https://tsumego.com/10035
327	327.sgf	13626	25768	https://tsumego.com/13626
328	328.sgf	15558	25769	https://tsumego.com/15558
329	329.sgf	15561	25770	https://tsumego.com/15561
330	330.sgf	15564	25771	https://tsumego.com/15564
331	331.sgf	10040	25951	https://tsumego.com/10040
332	332.sgf	15562	25773	https://tsumego.com/15562
333	333.sgf	10042	25774	https://tsumego.com/10042
334	334.sgf	13593	25775	https://tsumego.com/13593
335	335.sgf	10044	25776	https://tsumego.com/10044
336	336.sgf	10045	25786	https://tsumego.com/10045
337	337.sgf	10046	25787	https://tsumego.com/10046
338	338.sgf	10047	25788	https://tsumego.com/10047
339	339.sgf	13659	25789	https://tsumego.com/13659
340	340.sgf	13661	25790	https://tsumego.com/13661
341	341.sgf	13663	25791	https://tsumego.com/13663
342	342.sgf	10051	25792	https://tsumego.com/10051
343	343.sgf	10052	25793	https://tsumego.com/10052
344	344.sgf	10053	25794	https://tsumego.com/10053
345	345.sgf	10054	25795	https://tsumego.com/10054
346	346.sgf	13665	25796	https://tsumego.com/13665
347	347.sgf	10056	25797	https://tsumego.com/10056
348	348.sgf	13667	25798	https://tsumego.com/13667
349	349.sgf	13669	25799	https://tsumego.com/13669
350	350.sgf	10059	25800	https://tsumego.com/10059
351	351.sgf	13671	26245	https://tsumego.com/13671
352	352.sgf	13629	26246	https://tsumego.com/13629
353	353.sgf	10361	26247	https://tsumego.com/10361
354	354.sgf	13688	21782	https://tsumego.com/13688
355	355.sgf	15571	26249	https://tsumego.com/15571
356	356.sgf	15569	26250	https://tsumego.com/15569
357	357.sgf	10365	26251	https://tsumego.com/10365
358	358.sgf	10366	16002	https://tsumego.com/10366
359	359.sgf	10367	26253	https://tsumego.com/10367
360	360.sgf	10368	26254	https://tsumego.com/10368
361	361.sgf	10369	26255	https://tsumego.com/10369
362	362.sgf	10370	26256	https://tsumego.com/10370
363	363.sgf	15577	26257	https://tsumego.com/15577
364	364.sgf	10372	26258	https://tsumego.com/10372
365	365.sgf	13633	27889	https://tsumego.com/13633
366	366.sgf	15567	26265	https://tsumego.com/15567
367	367.sgf	10375	26266	https://tsumego.com/10375
368	368.sgf	13673	26267	https://tsumego.com/13673
369	369.sgf	13611	26268	https://tsumego.com/13611
370	370.sgf	13675	26269	https://tsumego.com/13675
371	371.sgf	13685	26270	https://tsumego.com/13685
372	372.sgf	15376	26271	https://tsumego.com/15376
373	373.sgf	10381	26272	https://tsumego.com/10381
374	374.sgf	10382	26273	https://tsumego.com/10382
375	375.sgf	10383	26274	https://tsumego.com/10383
376	376.sgf	10384	35639	https://tsumego.com/10384
377	377.sgf	13677	26276	https://tsumego.com/13677
378	378.sgf	10386	26277	https://tsumego.com/10386
379	379.sgf	10387	26278	https://tsumego.com/10387
380	380.sgf	10388	26279	https://tsumego.com/10388
381	381.sgf	10389	26295	https://tsumego.com/10389
382	382.sgf	10390	26296	https://tsumego.com/10390
383	383.sgf	10391	26297	https://tsumego.com/10391
384	384.sgf	10392	26298	https://tsumego.com/10392
385	385.sgf	10393	26299	https://tsumego.com/10393
386	386.sgf	10394	26300	https://tsumego.com/10394
387	387.sgf	10395	26301	https://tsumego.com/10395
388	388.sgf	10396	26302	https://tsumego.com/10396
389	389.sgf	10397	26303	https://tsumego.com/10397
390	390.sgf	10398	26304	https://tsumego.com/10398
391	391.sgf	10399	26305	https://tsumego.com/10399
392	392.sgf	10400	26306	https://tsumego.com/10400
393	393.sgf	10401	26307	https://tsumego.com/10401
394	394.sgf	10402	26308	https://tsumego.com/10402
395	395.sgf	10403	26309	https://tsumego.com/10403
396	396.sgf	13679	26310	https://tsumego.com/13679
397	397.sgf	10405	26311	https://tsumego.com/10405
398	398.sgf	13681	26312	https://tsumego.com/13681
399	399.sgf	13596	26313	https://tsumego.com/13596
400	400.sgf	10408	26314	https://tsumego.com/10408
401	401.sgf	10876	26893	https://tsumego.com/10876
402	402.sgf	10877	26894	https://tsumego.com/10877
403	403.sgf	13503	26895	https://tsumego.com/13503
404	404.sgf	13479	26896	https://tsumego.com/13479
405	405.sgf	10880	26897	https://tsumego.com/10880
406	406.sgf	10881	26898	https://tsumego.com/10881
407	407.sgf	13501	26899	https://tsumego.com/13501
408	408.sgf	13505	26900	https://tsumego.com/13505
409	409.sgf	13507	26901	https://tsumego.com/13507
410	410.sgf	10885	26902	https://tsumego.com/10885
411	411.sgf	10886	26903	https://tsumego.com/10886
412	412.sgf	10887	26904	https://tsumego.com/10887
413	413.sgf	10888	26905	https://tsumego.com/10888
414	414.sgf	13509	26906	https://tsumego.com/13509
415	415.sgf	10890	26907	https://tsumego.com/10890
416	416.sgf	13511	26913	https://tsumego.com/13511
417	417.sgf	10892	26914	https://tsumego.com/10892
418	418.sgf	13490	27402	https://tsumego.com/13490
419	419.sgf	10894	26916	https://tsumego.com/10894
420	420.sgf	15653	26917	https://tsumego.com/15653
421	421.sgf	13540	27404	https://tsumego.com/13540
422	422.sgf	15640	27403	https://tsumego.com/15640
423	423.sgf	13513	26920	https://tsumego.com/13513
424	424.sgf	10899	26921	https://tsumego.com/10899
425	425.sgf	13515	26922	https://tsumego.com/13515
426	426.sgf	15646	26923	https://tsumego.com/15646
427	427.sgf	10902	26924	https://tsumego.com/10902
428	428.sgf	10903	26925	https://tsumego.com/10903
429	429.sgf	10904	26926	https://tsumego.com/10904
430	430.sgf	13481	26927	https://tsumego.com/13481
431	431.sgf	10906	26933	https://tsumego.com/10906
432	432.sgf	13525	26934	https://tsumego.com/13525
433	433.sgf	13517	26935	https://tsumego.com/13517
434	434.sgf	10909	26936	https://tsumego.com/10909
435	435.sgf	13519	26937	https://tsumego.com/13519
436	436.sgf	10911	26938	https://tsumego.com/10911
437	437.sgf	13521	26939	https://tsumego.com/13521
438	438.sgf	13523	26940	https://tsumego.com/13523
439	439.sgf	10914	26941	https://tsumego.com/10914
440	440.sgf	10915	26942	https://tsumego.com/10915
441	441.sgf	10916	26943	https://tsumego.com/10916
442	442.sgf	10917	26944	https://tsumego.com/10917
443	443.sgf	13262	26945	https://tsumego.com/13262
444	444.sgf	10919	26946	https://tsumego.com/10919
445	445.sgf	10920	26947	https://tsumego.com/10920
446	446.sgf	10921	26948	https://tsumego.com/10921
447	447.sgf	10922	26949	https://tsumego.com/10922
448	448.sgf	13487	27387	https://tsumego.com/13487
449	449.sgf	10924	26951	https://tsumego.com/10924
450	450.sgf	13495	26952	https://tsumego.com/13495
451	451.sgf	10926	26953	https://tsumego.com/10926
452	452.sgf	10927	26954	https://tsumego.com/10927
453	453.sgf	10928	26955	https://tsumego.com/10928
454	454.sgf	13477	26956	https://tsumego.com/13477
455	455.sgf	10930	26957	https://tsumego.com/10930
456	456.sgf	10931	26958	https://tsumego.com/10931
457	457.sgf	10932	26959	https://tsumego.com/10932
458	458.sgf	13497	26960	https://tsumego.com/13497
459	459.sgf	13499	26961	https://tsumego.com/13499
460	460.sgf	10935	26962	https://tsumego.com/10935
461	461.sgf	10936	26968	https://tsumego.com/10936
462	462.sgf	13492	26969	https://tsumego.com/13492
463	463.sgf	10938	26970	https://tsumego.com/10938
464	464.sgf	10939	26971	https://tsumego.com/10939
465	465.sgf	10940	26972	https://tsumego.com/10940
466	466.sgf	10941	26973	https://tsumego.com/10941
467	467.sgf	10942	26974	https://tsumego.com/10942
468	468.sgf	10943	26975	https://tsumego.com/10943
469	469.sgf	10944	26976	https://tsumego.com/10944
470	470.sgf	10945	26977	https://tsumego.com/10945
471	471.sgf	10946	26978	https://tsumego.com/10946
472	472.sgf	10947	26979	https://tsumego.com/10947
473	473.sgf	13538	26592	https://tsumego.com/13538
474	474.sgf	10949	26981	https://tsumego.com/10949
475	475.sgf	10950	26982	https://tsumego.com/10950
476	476.sgf	10951	26988	https://tsumego.com/10951
477	477.sgf	10952	26989	https://tsumego.com/10952
478	478.sgf	10953	26990	https://tsumego.com/10953
479	479.sgf	10954	26991	https://tsumego.com/10954
480	480.sgf	10955	26992	https://tsumego.com/10955
481	481.sgf	10956	26993	https://tsumego.com/10956
482	482.sgf	10957	26994	https://tsumego.com/10957
483	483.sgf	10958	26995	https://tsumego.com/10958
484	484.sgf	10959	26996	https://tsumego.com/10959
485	485.sgf	10960	26997	https://tsumego.com/10960
486	486.sgf	13542	27397	https://tsumego.com/13542
487	487.sgf	13475	26999	https://tsumego.com/13475
488	488.sgf	10963	27000	https://tsumego.com/10963
489	489.sgf	10964	27001	https://tsumego.com/10964
490	490.sgf	10965	27002	https://tsumego.com/10965
491	491.sgf	10967	27009	https://tsumego.com/10967
492	492.sgf	10968	27010	https://tsumego.com/10968
493	493.sgf	10969	27011	https://tsumego.com/10969
494	494.sgf	10970	27012	https://tsumego.com/10970
495	495.sgf	10971	27013	https://tsumego.com/10971
496	496.sgf	10972	27014	https://tsumego.com/10972
497	497.sgf	10973	27015	https://tsumego.com/10973
498	498.sgf	10974	27016	https://tsumego.com/10974
499	499.sgf	10975	27017	https://tsumego.com/10975
500	500.sgf	10976	27018	https://tsumego.com/10976
501	501.sgf	10977	27019	https://tsumego.com/10977
502	502.sgf	10978	27020	https://tsumego.com/10978
503	503.sgf	10979	27021	https://tsumego.com/10979
504	504.sgf	10980	27022	https://tsumego.com/10980
505	505.sgf	10981	27023	https://tsumego.com/10981
506	506.sgf	10983	27025	https://tsumego.com/10983
507	507.sgf	13543	27026	https://tsumego.com/13543
508	508.sgf	10985	27027	https://tsumego.com/10985
509	509.sgf	28	27028	https://tsumego.com/28
510	510.sgf	10986	27029	https://tsumego.com/10986
511	511.sgf	10987	27030	https://tsumego.com/10987
512	512.sgf	10988	27031	https://tsumego.com/10988
513	513.sgf	10989	27032	https://tsumego.com/10989
514	514.sgf	10990	27033	https://tsumego.com/10990
515	515.sgf	10991	27034	https://tsumego.com/10991
516	516.sgf	10992	27035	https://tsumego.com/10992
517	517.sgf	10993	27036	https://tsumego.com/10993
518	518.sgf	10994	27037	https://tsumego.com/10994
519	519.sgf	13484	27038	https://tsumego.com/13484
520	520.sgf	10996	27039	https://tsumego.com/10996
521	521.sgf	10997	27040	https://tsumego.com/10997
522	522.sgf	13535	27041	https://tsumego.com/13535
523	523.sgf	10999	27042	https://tsumego.com/10999
524	524.sgf	11000	27043	https://tsumego.com/11000
525	525.sgf	11001	27044	https://tsumego.com/11001
526	526.sgf	11002	29619	https://tsumego.com/11002
527	527.sgf	11003	27046	https://tsumego.com/11003
528	528.sgf	11004	27047	https://tsumego.com/11004
529	529.sgf	11005	27048	https://tsumego.com/11005
530	530.sgf	11006	27049	https://tsumego.com/11006
531	531.sgf	11007	27050	https://tsumego.com/11007
532	532.sgf	11008	27051	https://tsumego.com/11008
533	533.sgf	11009	27052	https://tsumego.com/11009
534	534.sgf	11010	27053	https://tsumego.com/11010
535	535.sgf	11011	27054	https://tsumego.com/11011
536	536.sgf	11013	27061	https://tsumego.com/11013
537	537.sgf	11014	27062	https://tsumego.com/11014
538	538.sgf	11015	27063	https://tsumego.com/11015
539	539.sgf	11016	27064	https://tsumego.com/11016
540	540.sgf	11017	27065	https://tsumego.com/11017
541	541.sgf	11018	27066	https://tsumego.com/11018
542	542.sgf	13527	27067	https://tsumego.com/13527
543	543.sgf	11020	27068	https://tsumego.com/11020
544	544.sgf	11021	27069	https://tsumego.com/11021
545	545.sgf	11022	27070	https://tsumego.com/11022
546	546.sgf	11023	27071	https://tsumego.com/11023
547	547.sgf	13533	27384	https://tsumego.com/13533
548	548.sgf	11025	27073	https://tsumego.com/11025
549	549.sgf	11026	27074	https://tsumego.com/11026
550	550.sgf	11027	27075	https://tsumego.com/11027
551	551.sgf	11028	27081	https://tsumego.com/11028
552	552.sgf	11029	27082	https://tsumego.com/11029
553	553.sgf	11030	27083	https://tsumego.com/11030
554	554.sgf	11031	27084	https://tsumego.com/11031
555	555.sgf	13546	27414	https://tsumego.com/13546
556	556.sgf	11033	27086	https://tsumego.com/11033
557	557.sgf	11034	27087	https://tsumego.com/11034
558	558.sgf	11035	27088	https://tsumego.com/11035
559	559.sgf	11036	27089	https://tsumego.com/11036
560	560.sgf	11037	27090	https://tsumego.com/11037
561	561.sgf	11038	27091	https://tsumego.com/11038
562	562.sgf	11039	27092	https://tsumego.com/11039
563	563.sgf	11040	27093	https://tsumego.com/11040
564	564.sgf	13548	27434	https://tsumego.com/13548
565	565.sgf	11042	27095	https://tsumego.com/11042
566	566.sgf	11043	27096	https://tsumego.com/11043
567	567.sgf	11044	27097	https://tsumego.com/11044
568	568.sgf	11045	27098	https://tsumego.com/11045
569	569.sgf	11046	27099	https://tsumego.com/11046
570	570.sgf	11047	27100	https://tsumego.com/11047
571	571.sgf	11048	27101	https://tsumego.com/11048
572	572.sgf	11049	27102	https://tsumego.com/11049
573	573.sgf	11050	27103	https://tsumego.com/11050
574	574.sgf	11051	27104	https://tsumego.com/11051
575	575.sgf	11052	27105	https://tsumego.com/11052
576	576.sgf	11053	27106	https://tsumego.com/11053
577	577.sgf	11054	27107	https://tsumego.com/11054
578	578.sgf	13550	27406	https://tsumego.com/13550
579	579.sgf	11056	27109	https://tsumego.com/11056
580	580.sgf	11057	27110	https://tsumego.com/11057
581	581.sgf	11058	27116	https://tsumego.com/11058
582	582.sgf	15794	27410	https://tsumego.com/15794
583	583.sgf	11060	27118	https://tsumego.com/11060
584	584.sgf	11061	27119	https://tsumego.com/11061
585	585.sgf	11062	27120	https://tsumego.com/11062
587	587.sgf	11064	27122	https://tsumego.com/11064
588	588.sgf	11065	27123	https://tsumego.com/11065
589	589.sgf	13529	27124	https://tsumego.com/13529
590	590.sgf	11067	27125	https://tsumego.com/11067
591	591.sgf	11068	27126	https://tsumego.com/11068
592	592.sgf	11069	27127	https://tsumego.com/11069
593	593.sgf	11070	27128	https://tsumego.com/11070
594	594.sgf	11071	27129	https://tsumego.com/11071
595	595.sgf	11072	27130	https://tsumego.com/11072
596	596.sgf	11073	27131	https://tsumego.com/11073
597	597.sgf	11074	27132	https://tsumego.com/11074
598	598.sgf	11075	27133	https://tsumego.com/11075
599	599.sgf	11076	27134	https://tsumego.com/11076
600	600.sgf	11077	27135	https://tsumego.com/11077
601	601.sgf	11463	27636	https://tsumego.com/11463
602	602.sgf	11464	27637	https://tsumego.com/11464
603	603.sgf	13580	27443	https://tsumego.com/13580
604	604.sgf	13561	27639	https://tsumego.com/13561
605	605.sgf	11467	27640	https://tsumego.com/11467
606	606.sgf	11468	27641	https://tsumego.com/11468
607	607.sgf	11469	27642	https://tsumego.com/11469
608	608.sgf	11470	27643	https://tsumego.com/11470
609	609.sgf	11471	27644	https://tsumego.com/11471
610	610.sgf	11472	27645	https://tsumego.com/11472
611	611.sgf	11473	27646	https://tsumego.com/11473
612	612.sgf	11474	27647	https://tsumego.com/11474
613	613.sgf	11475	27648	https://tsumego.com/11475
614	614.sgf	13570	27649	https://tsumego.com/13570
615	615.sgf	11477	27650	https://tsumego.com/11477
616	616.sgf	11478	27651	https://tsumego.com/11478
617	617.sgf	11479	27652	https://tsumego.com/11479
618	618.sgf	11480	27653	https://tsumego.com/11480
619	619.sgf	11481	27654	https://tsumego.com/11481
620	620.sgf	11482	27655	https://tsumego.com/11482
621	621.sgf	11484	27657	https://tsumego.com/11484
622	622.sgf	11485	27658	https://tsumego.com/11485
623	623.sgf	13568	27659	https://tsumego.com/13568
624	624.sgf	11487	27660	https://tsumego.com/11487
625	625.sgf	11488	27661	https://tsumego.com/11488
626	626.sgf	11489	27662	https://tsumego.com/11489
627	627.sgf	11490	27663	https://tsumego.com/11490
628	628.sgf	11491	27664	https://tsumego.com/11491
629	629.sgf	11492	27665	https://tsumego.com/11492
630	630.sgf	11493	27666	https://tsumego.com/11493
631	631.sgf	11494	27672	https://tsumego.com/11494
632	632.sgf	11495	27673	https://tsumego.com/11495
633	633.sgf	11496	27674	https://tsumego.com/11496
634	634.sgf	13582	27675	https://tsumego.com/13582
635	635.sgf	11498	27676	https://tsumego.com/11498
636	636.sgf	11499	27677	https://tsumego.com/11499
637	637.sgf	11500	27678	https://tsumego.com/11500
638	638.sgf	11501	27679	https://tsumego.com/11501
639	639.sgf	11502	27680	https://tsumego.com/11502
640	640.sgf	11503	27681	https://tsumego.com/11503
641	641.sgf	15722	27683	https://tsumego.com/15722
642	642.sgf	11506	27684	https://tsumego.com/11506
643	643.sgf	13559	27685	https://tsumego.com/13559
644	644.sgf	11508	27686	https://tsumego.com/11508
645	645.sgf	13557	27687	https://tsumego.com/13557
646	646.sgf	11510	27688	https://tsumego.com/11510
647	647.sgf	11511	27689	https://tsumego.com/11511
648	648.sgf	11512	27690	https://tsumego.com/11512
649	649.sgf	11513	27691	https://tsumego.com/11513
650	650.sgf	13563	27692	https://tsumego.com/13563
651	651.sgf	11516	27699	https://tsumego.com/11516
652	652.sgf	13586	27700	https://tsumego.com/13586
653	653.sgf	11518	27701	https://tsumego.com/11518
654	654.sgf	11519	27702	https://tsumego.com/11519
655	655.sgf	11520	27703	https://tsumego.com/11520
656	656.sgf	11521	27704	https://tsumego.com/11521
657	657.sgf	11522	27705	https://tsumego.com/11522
658	658.sgf	13588	27706	https://tsumego.com/13588
659	659.sgf	13572	27707	https://tsumego.com/13572
660	660.sgf	11525	27708	https://tsumego.com/11525
661	661.sgf	11526	27711	https://tsumego.com/11526
662	662.sgf	11527	27712	https://tsumego.com/11527
663	663.sgf	11528	27713	https://tsumego.com/11528
664	664.sgf	11529	27714	https://tsumego.com/11529
665	665.sgf	11530	27715	https://tsumego.com/11530
666	666.sgf	11531	27716	https://tsumego.com/11531
667	667.sgf	15828	27717	https://tsumego.com/15828
668	668.sgf	11533	27718	https://tsumego.com/11533
669	669.sgf	11534	27719	https://tsumego.com/11534
670	670.sgf	11535	27720	https://tsumego.com/11535
671	671.sgf	11536	27721	https://tsumego.com/11536
672	672.sgf	11537	27722	https://tsumego.com/11537
673	673.sgf	11538	27723	https://tsumego.com/11538
674	674.sgf	11539	27724	https://tsumego.com/11539
675	675.sgf	11540	27725	https://tsumego.com/11540
676	676.sgf	11541	27726	https://tsumego.com/11541
677	677.sgf	11542	27727	https://tsumego.com/11542
678	678.sgf	11543	27728	https://tsumego.com/11543
679	679.sgf	11544	27729	https://tsumego.com/11544
680	680.sgf	11545	27730	https://tsumego.com/11545
681	681.sgf	11546	27731	https://tsumego.com/11546
682	682.sgf	11547	27732	https://tsumego.com/11547
683	683.sgf	11548	27733	https://tsumego.com/11548
684	684.sgf	11549	27734	https://tsumego.com/11549
685	685.sgf	11550	27735	https://tsumego.com/11550
686	686.sgf	11551	27736	https://tsumego.com/11551
687	687.sgf	11552	27737	https://tsumego.com/11552
688	688.sgf	11553	27738	https://tsumego.com/11553
689	689.sgf	11554	27739	https://tsumego.com/11554
690	690.sgf	11555	27740	https://tsumego.com/11555
691	691.sgf	11556	27744	https://tsumego.com/11556
692	692.sgf	11557	27745	https://tsumego.com/11557
693	693.sgf	11558	27746	https://tsumego.com/11558
694	694.sgf	11559	27747	https://tsumego.com/11559
695	695.sgf	11560	27748	https://tsumego.com/11560
696	696.sgf	11561	27749	https://tsumego.com/11561
697	697.sgf	11562	27750	https://tsumego.com/11562
698	698.sgf	11563	27751	https://tsumego.com/11563
699	699.sgf	11564	27752	https://tsumego.com/11564
700	700.sgf	11565	27753	https://tsumego.com/11565
701	701.sgf	11566	27756	https://tsumego.com/11566
702	702.sgf	11567	27757	https://tsumego.com/11567
703	703.sgf	11568	27758	https://tsumego.com/11568
704	704.sgf	11569	27759	https://tsumego.com/11569
705	705.sgf	13551	27760	https://tsumego.com/13551
706	706.sgf	13555	27761	https://tsumego.com/13555
707	707.sgf	11572	27762	https://tsumego.com/11572
708	708.sgf	11573	27763	https://tsumego.com/11573
709	709.sgf	11574	27764	https://tsumego.com/11574
710	710.sgf	11575	27765	https://tsumego.com/11575
711	711.sgf	11576	27769	https://tsumego.com/11576
712	712.sgf	11577	27770	https://tsumego.com/11577
713	713.sgf	11578	27771	https://tsumego.com/11578
714	714.sgf	11579	27772	https://tsumego.com/11579
715	715.sgf	11580	27773	https://tsumego.com/11580
716	716.sgf	11581	27774	https://tsumego.com/11581
717	717.sgf	11582	27775	https://tsumego.com/11582
718	718.sgf	11583	27776	https://tsumego.com/11583
719	719.sgf	11584	27777	https://tsumego.com/11584
720	720.sgf	11585	27778	https://tsumego.com/11585
721	721.sgf	11586	27779	https://tsumego.com/11586
722	722.sgf	11587	27780	https://tsumego.com/11587
723	723.sgf	11588	27781	https://tsumego.com/11588
724	724.sgf	11589	27782	https://tsumego.com/11589
725	725.sgf	11590	27783	https://tsumego.com/11590
726	726.sgf	11591	27784	https://tsumego.com/11591
727	727.sgf	11592	27785	https://tsumego.com/11592
728	728.sgf	11593	27786	https://tsumego.com/11593
729	729.sgf	11594	27787	https://tsumego.com/11594
730	730.sgf	13576	22293	https://tsumego.com/13576
731	731.sgf	11596	27789	https://tsumego.com/11596
732	732.sgf	11597	27790	https://tsumego.com/11597
733	733.sgf	11598	27791	https://tsumego.com/11598
734	734.sgf	13553	27792	https://tsumego.com/13553
735	735.sgf	11600	27793	https://tsumego.com/11600
736	736.sgf	11601	27794	https://tsumego.com/11601
737	737.sgf	11602	27795	https://tsumego.com/11602
738	738.sgf	11603	27796	https://tsumego.com/11603
739	739.sgf	11604	27797	https://tsumego.com/11604
740	740.sgf	11605	27798	https://tsumego.com/11605
741	741.sgf	11606	27799	https://tsumego.com/11606
742	742.sgf	11607	27800	https://tsumego.com/11607
743	743.sgf	11608	27801	https://tsumego.com/11608
744	744.sgf	11609	27802	https://tsumego.com/11609
745	745.sgf	11610	27803	https://tsumego.com/11610
746	746.sgf	11611	27804	https://tsumego.com/11611
747	747.sgf	11612	27805	https://tsumego.com/11612
748	748.sgf	11613	27806	https://tsumego.com/11613
749	749.sgf	11614	27807	https://tsumego.com/11614
750	750.sgf	11615	27808	https://tsumego.com/11615
751	751.sgf	11616	27809	https://tsumego.com/11616
752	752.sgf	11617	27810	https://tsumego.com/11617
753	753.sgf	11618	27811	https://tsumego.com/11618
754	754.sgf	11619	27812	https://tsumego.com/11619
755	755.sgf	11620	27813	https://tsumego.com/11620
756	756.sgf	11621	27814	https://tsumego.com/11621
757	757.sgf	11622	27815	https://tsumego.com/11622
758	758.sgf	11623	27816	https://tsumego.com/11623
759	759.sgf	11624	27817	https://tsumego.com/11624
760	760.sgf	11625	27818	https://tsumego.com/11625
761	761.sgf	11626	27819	https://tsumego.com/11626
762	762.sgf	15717	27820	https://tsumego.com/15717
763	763.sgf	11628	27821	https://tsumego.com/11628
764	764.sgf	13579	21683	https://tsumego.com/13579
765	765.sgf	11630	27823	https://tsumego.com/11630
766	766.sgf	11631	27824	https://tsumego.com/11631
767	767.sgf	11632	27825	https://tsumego.com/11632
768	768.sgf	13565	27826	https://tsumego.com/13565
769	769.sgf	11634	27827	https://tsumego.com/11634
770	770.sgf	15095	29704	https://tsumego.com/15095
771	771.sgf	11636	27829	https://tsumego.com/11636
772	772.sgf	11637	27830	https://tsumego.com/11637
773	773.sgf	13584	27831	https://tsumego.com/13584
774	774.sgf	11639	27832	https://tsumego.com/11639
775	775.sgf	11640	27833	https://tsumego.com/11640
776	776.sgf	11641	27834	https://tsumego.com/11641
777	777.sgf	11642	27835	https://tsumego.com/11642
778	778.sgf	11643	27836	https://tsumego.com/11643
779	779.sgf	11644	27837	https://tsumego.com/11644
780	780.sgf	11645	27838	https://tsumego.com/11645
781	781.sgf	11646	27839	https://tsumego.com/11646
782	782.sgf	11647	27840	https://tsumego.com/11647
783	783.sgf	11648	27841	https://tsumego.com/11648
784	784.sgf	11649	27842	https://tsumego.com/11649
785	785.sgf	11650	27843	https://tsumego.com/11650
786	786.sgf	11651	27844	https://tsumego.com/11651
787	787.sgf	11652	27845	https://tsumego.com/11652
788	788.sgf	11653	27846	https://tsumego.com/11653
789	789.sgf	11654	27847	https://tsumego.com/11654
790	790.sgf	11655	27848	https://tsumego.com/11655
791	791.sgf	11656	27849	https://tsumego.com/11656
792	792.sgf	11657	27850	https://tsumego.com/11657
