id	slug	name	problem_count	average_difficulty
117	easy-capture	Easy Capture	200	~17k
104	easy-life	Easy Life	200	~16k
105	easy-kill	Easy Kill	200	~16k
90	tsumego-dictionary-volume-i	Tsumego Dictionary Volume I	400	~11k
101	tsumego-dictionary-volume-ii	Tsumego Dictionary Volume II	400	~8k
107	tsumego-dictionary-volume-iii	Tsumego Dictionary Volume III	400	~5k
67	korean-problem-academy-1	Korean Problem Academy 1	200	~18k
69	korean-problem-academy-2	Korean Problem Academy 2	200	~12k
81	korean-problem-academy-3	Korean Problem Academy 3	150	~7k
92	korean-problem-academy-4	Korean Problem Academy 4	200	~4k
50	life-death-elementary	Life & Death - Elementary	891	~9k
41	life-death-intermediate	Life & Death - Intermediate	860	~3k
186	life-death-advanced	Life & Death - Advanced	790	~1d
210	the-rules-of-capturing-races	The Rules of Capturing Races	200	~8k
190	1000-weiqi-problems-1st-half	1000 Weiqi problems - 1st half	540	~3k
216	1000-weiqi-problems-2nd-half	1000 Weiqi problems - 2nd half	198	~1k
214	kano-yoshinori-volume-1	Kano Yoshinori Volume 1	205	~18k
226	kano-yoshinori-volume-2	Kano Yoshinori Volume 2	239	~6k
227	kano-yoshinori-volume-3	Kano Yoshinori Volume 3	202	~4k
231	kano-yoshinori-volume-4	Kano Yoshinori Volume 4	118	~2k
191	4x4-problems	4x4 Problems	119	~6k
181	5x5-problems	5x5 Problems	105	~2k
207	9x9-endgame-problems	9x9 Endgame Problems	181	~1k
228	13x13-endgame-problems-easy	13x13 Endgame Problems (easy)	50	~8k
172	13x13-endgame-problems-difficult	13x13 Endgame Problems (difficult)	47	~6d
113	tesuji-training	Tesuji Training	416	~3k
192	french-go-review-easy	French Go Review - Easy	38	~6k
200	french-go-review-intermediate	French Go Review - Intermediate	56	~2k
204	french-go-review-advanced	French Go Review - Advanced	32	~2d
150	kanzufu	Kanzufu	144	~4d
157	kanzufu-tesuji	Kanzufu - Tesuji	155	~3d
38	in-seong-s-lectures	In-seong's Lectures	51	~1k
163	xuanxuan-qijing	Xuanxuan Qijing	355	~2d
197	sacrificial-tsumego	Sacrificial Tsumego	136	~2d
122	gokyo-shumyo-i	Gokyo Shumyo I	100	~1k
124	gokyo-shumyo-ii	Gokyo Shumyo II	68	~1d
127	gokyo-shumyo-iii	Gokyo Shumyo III	75	~1d
139	gokyo-shumyo-iv	Gokyo Shumyo IV	237	~1d
137	tsumego-master	Tsumego Master	368	~1d
158	beautiful-tsumego	Beautiful Tsumego	200	~2d
195	yi-kuo	Yi Kuo	241	~1d
145	tesujis-in-real-board-positions	Tesujis in Real Board Positions	120	~1d
147	tsumego-of-fortitude	Tsumego of Fortitude	142	~4d
166	secret-tsumego-from-hong-dojo	Secret Tsumego from Hong Dojo	105	~3d
173	secret-by-kim-jiseok	Secret by Kim Jiseok	53	~4d
109	problems-from-professional-games	Problems from Professional Games	45	~2d
114	endgame-tesujis	Endgame Tesujis	200	~2k
160	single-digit-kyu-problems	Single-Digit-Kyu Problems	100	~2k
237	diabolical	Diabolical	100	~1d
236	direction-of-the-play	Direction of the Play	69	~3k
242	igo-hatsuyoron	Igo Hatsuyoron	65	~5d
248	segoe-tesuji-dictionary-part-1	Segoe Tesuji Dictionary, Part 1	220	~1d
250	weiqi-life-death-drills	Weiqi Life&Death Drills	145	~2d
252	the-l-group	The L Group	46	~4k
254	boundless-sky	Boundless Sky	100	~4d
255	the-j-group	The J Group	22	~1k
263	level-evaluation-set-beginner	Level Evaluation Set: Beginner	625	~16k
246	attack-hero	Attack Hero	145	~1k
6473	tsumego-grandmaster	Tsumego Grandmaster	101	~2d
11969	pretty-area	Pretty Area	20	~1k
29156	hunting	Hunting	17	~1k
31813	the-ghost	The Ghost	1	2d
33007	carnage	Carnage	12	~1d
71790	blind-spot	Blind Spot	30	~1k
74761	giants	Giants	13	~1k
81578	ko-gems	Ko Gems	50	~1d
